<library path="lib/libstream_nodelet">
  <class name="gnss_driver/StreamNodelet"
         type="apollo::drivers::gnss::StreamNodelet"
         base_class_type="nodelet::Nodelet">
    <description>
    Publish gnss raw data
    </description>
  </class>
</library>

<library path="lib/libparser_nodelet">
  <class name="gnss_driver/ParserNodelet"
         type="apollo::drivers::gnss::ParserNodelet"
         base_class_type="nodelet::Nodelet">
    <description>
    Receive gnss raw data, and parse raw data, publish gnss message.
    </description>
  </class>
</library>
<!--
<library path="lib/libnovatel_ros_parser_nodelet">
  <class name="gnss_driver/NovatelRosParserNodelet"
         type="apollo::drivers::gnss::NovatelRosParserNodelet"
         base_class_type="nodelet::Nodelet">
    <description>
    Receive gnss raw data, and parse raw data to novatel ros msg.
    </description>
  </class>
</library>

-->

<library path="lib/libunicomm_ros_parser_nodelet">
  <class name="gnss_driver/UnicommRosParserNodelet"
         type="apollo::drivers::gnss::UnicommRosParserNodelet"
         base_class_type="nodelet::Nodelet">
    <description>
    Receive gnss raw data, and parse raw data to Unicomm ros msg.
    </description>
  </class>
</library>
